Ticker,Event_Date,T_Zero_AR,11_Day_CAR,Model_R_Squared,Dividend_Amount,Scaled_Yield,Log_Volume,VIX_Raw,USD_INR_Raw,NASDAQ_Raw,VIX_Z,USD_INR_Z,NASDAQ_Z
TCS.NS,2021-01-14,0.0302677880656373,0.0720558891321921,0.7687368230967221,6.0,0.0018457563263681116,15.751592857236735,23.25,73.1698989868164,13112.6396484375,0.5100949768727008,-1.360051626176168,-0.021664927494445745
TCS.NS,2021-05-25,0.0020780132589328,-0.0095369220323629,0.654846049932663,15.0,0.004816955684007707,14.426152376003902,18.84000015258789,72.83660125732422,13657.169921875,-0.3368879351618237,-1.4469044647875642,0.36138912377015714
TCS.NS,2021-07-15,-0.0152340134461428,-0.0462101784272256,0.6868837318900025,7.0,0.002185485289096973,14.618842200222524,17.010000228881836,74.46910095214844,14543.1298828125,-0.6883570322215606,-1.0214973288201263,0.9846245412483571
TCS.NS,2021-10-14,-0.0225329130617962,-0.048199681851772,0.6333462033658279,7.0,0.001938279664578649,15.678396021953272,16.860000610351562,75.3062973022461,14823.4296875,-0.7171659025396385,-0.8033353881676442,1.1818036164840107
TCS.NS,2022-01-19,-0.0009167449135314,0.0319561241570727,0.6010013788500947,7.0,0.0017881547966291985,14.947731366489545,23.850000381469727,74.61969757080078,14340.259765625,0.6253308244696735,-0.9822539057246186,0.8419139812300332
TCS.NS,2022-05-25,-0.0107350073897438,0.0068942552117253,0.6359857122510444,22.0,0.006945211964151139,15.081907587378295,28.3700008392334,77.47879791259766,11434.740234375,1.4934404123556302,-0.2372113849183309,-1.2019963057918448
TCS.NS,2022-07-14,-0.0006720127260381,0.0196318114310688,0.7171041734645138,8.0,0.002667778240933722,15.376788787433892,26.399999618530273,79.80750274658203,11251.1904296875,1.115082718850981,0.3696173067375593,-1.33111584188398
TCS.NS,2022-10-17,0.0018494112778277,0.0090982263824134,0.7871934879011259,8.0,0.0025709006186229615,14.232248554304144,31.3700008392334,82.41280364990234,10675.7998046875,2.0696192840158325,1.0485231583764545,-1.7358788472069882
TCS.NS,2023-01-16,-0.0222364165559535,-0.0327612032815038,0.8405050423377967,75.0,0.022495163210390773,14.427234536740354,18.350000381469727,81.27799987792969,11079.16015625,-0.4309971069073641,0.7528087860856137,-1.4521318742239253
TCS.NS,2023-06-15,-0.0062430196562579,-0.0041562160745619,0.7694281193019092,24.0,0.007461990372678233,14.636967396591652,14.5,82.04499816894531,13782.8203125,-1.1704267321362225,0.9526780707827908,0.44977886722380644
TCS.NS,2023-07-20,0.0035913600237646,0.0170364734974983,0.7533012390187032,9.0,0.0025986775252249154,14.355159179353391,13.989999771118164,82.06169891357422,14063.3095703125,-1.2683771842774163,0.9570300568588872,0.6470912147320884
TCS.NS,2023-10-19,-0.0072745189791331,-0.0169709101078928,0.7063565273784553,9.0,0.0026044304991358837,14.230625621784506,21.399999618530273,83.26860046386719,13186.1796875,0.1547845994173105,1.2715321260063341,0.03006738431113662
INFY.NS,2021-05-31,-0.0077291155208338,-0.0004610515130885,0.7604827939613743,15.0,0.010762331838565023,15.303888471357617,16.760000228881836,72.39350128173828,13748.740234375,-0.7363719381932442,-1.562370269870947,0.4258049715011955
INFY.NS,2021-10-26,-0.0061475583793018,0.0017036133888406,0.7457946677724767,15.0,0.008804367218348737,15.58565629082778,15.979999542236328,75.08989715576172,15235.7099609375,-0.8861785767017748,-0.8597263123624351,1.4718253778082484
INFY.NS,2022-05-31,-0.0126100864212012,0.005862232892954,0.7772965093442775,16.0,0.010641128132344484,16.59021310699718,26.190000534057617,77.5208969116211,12081.3896484375,1.074750373670604,-0.22624096044692854,-0.7471057516986152
INFY.NS,2022-10-27,0.0035903731247413,-0.0053668136912874,0.8493681531194166,16.5,0.010827127221147887,15.726553714085979,27.389999389648438,82.04959869384766,10792.669921875,1.3052217025398885,0.9538769047726885,-1.6536656553162363
INFY.NS,2023-06-02,-0.0101759546447534,0.0221656950289641,0.8451613525164783,17.5,0.013471901462663588,16.205127202744436,14.600000381469727,82.27670288085938,13240.76953125,-1.151220696482617,1.0130571558129629,0.0684690340014899
INFY.NS,2023-10-25,-0.014260201390783,-0.0056658377712878,0.7860417614380089,18.0,0.013138206166553066,15.75292428587015,20.190000534057617,82.98780059814453,12821.2197265625,-0.07760736964980046,1.1983595140690444,-0.2266665355570054
HCLTECH.NS,2021-01-21,0.0002992817159564,-0.0064765663617333,0.663538411695066,4.0,0.004026980820655875,15.996828741153779,21.31999969482422,72.91089630126953,13530.91015625,0.1394198441593582,-1.4275441905029471,0.27257071073856903
HCLTECH.NS,2021-04-29,-0.0114398068606458,0.0054788482614133,0.660920253530966,16.0,0.0175911167222641,15.965961902423636,17.610000610351562,74.31179809570312,14082.5498046875,-0.5731211846245879,-1.0624883059407086,0.6606259070791248
HCLTECH.NS,2021-07-27,-0.0057560841571446,0.0129516926742726,0.6479776002880516,6.0,0.006048387096774193,14.8745202472365,19.360000610351562,74.28949737548828,14660.580078125,-0.23701684282280333,-1.068299569211805,1.0672457936027238
HCLTECH.NS,2021-10-21,0.0092691722652847,0.006849560288825,0.6615040597326622,10.0,0.008259684813170003,15.60706917368928,15.010000228881836,74.80919647216797,15215.7001953125,-1.072476279995029,-0.9328730787908215,1.4577493527249687
HCLTECH.NS,2022-01-20,-0.0029716838378929,0.0363925766053255,0.5829859840199664,10.0,0.008508104145758614,15.635598947225118,25.59000015258789,74.44920349121094,14154.01953125,0.9595145260736314,-1.0266823355293355,0.7109018414724791
HCLTECH.NS,2022-04-28,-0.0123096977223798,0.0243277699455204,0.5853998373751408,18.0,0.016475972540045767,15.464565451181112,29.989999771118164,76.47219848632812,12871.5302734375,1.8045767979103293,-0.4995174547775941,-0.19127519049890843
HCLTECH.NS,2022-07-19,-0.0125363040985744,0.0012579602767697,0.655936475798818,10.0,0.011239743579629199,15.349425682480053,24.5,80.0302963256836,11713.150390625,0.7501695067311184,0.4276742721985764,-1.0061465184300882
HCLTECH.NS,2022-10-19,-0.0058264042674128,0.0181434895380359,0.7006735057959151,10.0,0.010043689805446423,14.738617605882686,30.760000228881836,82.2863998413086,10680.509765625,1.9524627962210332,1.0155840513372747,-1.7325655885941693
HCLTECH.NS,2023-01-19,-0.0039857053555399,-0.0023625981961205,0.708199285049312,10.0,0.008997660410590747,14.647674620802327,20.520000457763672,81.43599700927734,10852.26953125,-0.01422770842016465,0.7939806817685191,-1.611739847076482
HCLTECH.NS,2023-04-28,-0.0181657723861779,-0.0028205005360104,0.6549971559012076,18.0,0.01691570379943713,14.782185611235173,15.779999732971191,81.76509857177734,12226.580078125,-0.9245904648466555,0.8797400565417001,-0.6449704159613472
HCLTECH.NS,2023-07-20,-0.0066977434118099,-0.0103198991442186,0.6092179322275639,10.0,0.00865201555419476,14.503645699213111,13.989999771118164,82.06169891357422,14063.3095703125,-1.2683771842774163,0.9570300568588872,0.6470912147320884
HCLTECH.NS,2023-10-20,-0.0055101153725417,0.0119829210139195,0.5786510748670467,12.0,0.009534403490206199,14.301294643272342,21.709999084472656,83.12229919433594,12983.8095703125,0.21432298025129298,1.233408012257945,-0.11229144682272456
WIPRO.NS,2021-01-22,-0.0047122398013921,-0.0168092299709097,0.5188342232259133,0.5,0.0022484541877459247,16.94216687796806,21.90999984741211,72.95490264892578,13543.0595703125,0.25273505155850423,-1.4160767370141742,0.2811173104487244
WIPRO.NS,2022-01-21,-5.071151340791183e-05,-0.047644002565959,0.5476041804496912,0.5,0.001652756003925699,16.79341963785008,28.850000381469727,74.45220184326172,13768.919921875,1.585628943903344,-1.0259010059140292,0.4400005294475544
WIPRO.NS,2022-04-05,-0.0105301446750169,0.0045052192285103,0.6083353422433779,2.5,0.008345155297105661,16.3698257261794,21.030000686645508,75.47799682617188,14204.169921875,0.08372274372102906,-0.7585928360239489,0.7461805233722717
WIPRO.NS,2023-01-24,-0.0064357745133456,-0.0069022809217109,0.7066204784788365,0.5,0.002459419540061226,16.07232811404505,19.200000762939453,81.48799896240234,11334.26953125,-0.2677463533387079,0.8075316808981092,-1.272673202454509
TECHM.NS,2021-07-23,-0.0188551265030627,0.0505668969680785,0.61653948327989,30.0,0.026525198938992044,14.85959731665101,17.200000762939453,74.4520034790039,14836.990234375,-0.6518656011121761,-1.0259526969318358,1.1913428885341044
TECHM.NS,2021-11-02,-0.0175512028600865,0.0204019000760142,0.5721903321373104,15.0,0.01006306201910655,14.529287964442638,16.030000686645508,74.82990264892578,15649.599609375,-0.8765753757126414,-0.927477331778247,1.7629792664793504
TECHM.NS,2022-07-21,-0.0195821736846221,-0.0481088756260296,0.7041823076547264,30.0,0.029048656499636893,15.411908417265474,23.110000610351562,80.00340270996094,12059.6103515625,0.48320674675244957,0.4206661630536519,-0.7624265672870634
TECHM.NS,2022-11-09,-0.0185629107268474,-0.021074604248708,0.7213479552960722,18.0,0.017497813603952007,14.807887503980542,26.09000015258789,81.40519714355469,10353.169921875,1.0555443380169984,0.7859546571960198,-1.9628353447588858
TECHM.NS,2023-07-21,-0.0047253226927881,-0.0404731037851609,0.5463120224324793,32.0,0.02677600255519287,15.431345167836403,13.600000381469727,82.0823974609375,14032.8095703125,-1.343280320369351,0.9624238157553922,0.625635752779868
TECHM.NS,2023-11-02,-0.01711373505772,0.0010832501288873,0.516536636996392,12.0,0.010757507844016136,14.729044693916633,15.65999984741211,85.19400024414062,13294.1904296875,-0.9476375977335839,1.7732650259972602,0.1060483800303163
LTIM.NS,2021-07-01,-0.0067487665478565,0.057984037739342,0.4056941917061781,25.0,0.006223859713229586,12.623976734406765,15.479999542236328,74.37100219726562,14522.3798828125,-0.9822083886451418,-1.0470605252415275,0.9700277925431581
LTIM.NS,2021-07-30,0.0051731394832657,-0.0427043039438517,0.4107322451486107,10.0,0.002134767852856122,13.220440634407884,18.239999771118164,74.25199890136719,14672.6796875,-0.4521237827587964,-1.0780711596933097,1.0757573578185284
LTIM.NS,2021-10-25,-0.0074846387351357,0.0281964076004804,0.4908079675437405,15.0,0.0023395643018433968,12.864892321640468,15.239999771118164,74.99369812011719,15226.7099609375,-1.0283026544189986,-0.8847944678825352,1.465494257887921
LTIM.NS,2022-06-30,-0.0147269719360637,0.0168273020427924,0.5791628744455503,30.0,0.0075463156041385105,12.83345655525273,28.709999084472656,78.89830017089844,11028.740234375,1.5587403474584316,0.13269152662130493,-1.4876001599754984
LTIM.NS,2023-01-31,-0.0036482289739676,0.0266396198360402,0.6713160428465776,20.0,0.00457817831870425,13.094315692849136,19.399999618530273,81.57990264892578,11584.5498046875,-0.2293346483561577,0.8314805270710909,-1.0966115996961625
LTIM.NS,2023-07-10,-0.0089642987791153,-0.061696968537671,0.6416734947966077,40.0,0.008003601620729328,13.235795628776753,15.069999694824219,82.61530303955078,13685.48046875,-1.06095280513273,1.1012917350926492,0.38130439791189846
LTIM.NS,2023-10-27,-0.0131626049837581,0.0005622759992442,0.5758538977037384,20.0,0.0038677238445175015,12.118268226893399,21.270000457763672,83.28250122070312,12643.009765625,0.12981700949488592,1.2751544734849305,-0.352029717078356
OFSS.NS,2021-05-17,-0.0503377791236141,-0.0876795224813803,0.1712654046692001,200.0,0.05681737396506134,12.35767293301281,19.719999313354492,73.27890014648438,13379.0498046875,-0.16787562732434855,-1.3316474118914767,0.16574336664020786
OFSS.NS,2022-05-13,-0.076191053206706,-0.0634689075257522,0.295897094567417,190.0,0.058810784929464316,12.465702405414794,28.8700008392334,77.44380187988281,11805.0,1.5894702242989973,-0.24633087332904544,-0.9415341971424945
OFSS.NS,2023-05-09,-0.0795706053958061,-0.0594769574163839,0.3052950072412669,225.0,0.065459306131355,12.78768193635114,17.709999084472656,81.78710174560547,12179.5498046875,-0.5539155152956434,0.8854737832860865,-0.6780542271856357
PERSISTENT.NS,2021-02-09,-0.0376227096813298,-0.0728817091385758,0.1802226647912909,7.0,0.0081976809929281,12.329678694489346,21.6299991607666,72.92990112304688,14007.7001953125,0.1989582249933407,-1.4225917933738672,0.6079723678632605
PERSISTENT.NS,2021-07-13,-0.0068998548206925,0.0349417979544174,0.2501575592789516,3.0,0.0021777399461626106,12.717620008779551,17.1200008392334,74.54170227050781,14677.650390625,-0.6672303563701284,-1.0025784163029343,1.0792540375488306
PERSISTENT.NS,2022-01-27,0.0149459302525961,0.0209033650528915,0.2750538479485395,10.0,0.004917871486148705,13.97571090161808,30.489999771118164,74.8949966430664,13352.7802734375,1.9006066098536962,-0.9105147254734255,0.1472638607963706
PERSISTENT.NS,2022-07-11,0.0019815174428897,0.0491529387019748,0.5389936391619361,5.5,0.0033494208020619872,13.111156817826163,26.170000076293945,79.3313980102539,11372.599609375,1.0709090932749508,0.24555091153759678,-1.2457096112139658
PERSISTENT.NS,2023-01-25,0.0116300751047604,0.0137615719305665,0.5993736676918011,14.0,0.0060949063996517195,13.776064699467682,19.079999923706055,81.60189819335938,11313.3603515625,-0.29079366938796686,0.8372122656994079,-1.287381927347535
PERSISTENT.NS,2023-07-11,-0.0131217553611313,-0.0531752415540306,0.5105672804485966,11.0,0.0046630917262722935,13.09765666471455,14.84000015258789,82.52529907226562,13760.7001953125,-1.10512643070876,1.0778379298209686,0.4342182989387225
MPHASIS.NS,2021-09-13,-0.0071295050354518,0.0274546086897317,0.2591946788941528,65.0,0.02166522267111266,13.43168022128017,19.3700008392334,73.52429962158203,15105.580078125,-0.23509620262497666,-1.2676996585165843,1.3802845007744624
MPHASIS.NS,2022-07-05,-0.0185071378588558,-0.0144562597852297,0.6089355003152761,46.0,0.021198645607083167,13.231985200780006,27.540000915527344,78.93949890136719,11322.240234375,1.3340309391826273,0.14342735339650842,-1.2811353047959362
MPHASIS.NS,2023-07-05,-0.0211419254767137,0.0728579786328161,0.5712302718140023,50.0,0.026566774901195078,13.333424630837873,14.180000305175781,82.0071029663086,13791.650390625,-1.2318857531680316,0.9428030982656731,0.4559904542810546
COFORGE.NS,2021-05-18,0.0060451675992726,-0.0035663671876848,0.4501961008866552,2.6,0.0037898666014713955,15.29969585677532,21.34000015258789,73.26969909667969,13303.6396484375,0.14326112455501155,-1.3340450798712722,0.11269550637027799
COFORGE.NS,2021-08-09,-0.004621368762557,-0.0820027466171883,0.4083141024253434,2.6,0.002708559094808788,14.22204509403046,16.719999313354492,74.49140167236328,14860.1796875,-0.7440544989845509,-1.01568606554903,1.2076556894920136
COFORGE.NS,2021-11-03,0.0031812882823686,0.0574111528851945,0.4053876111690598,2.6,0.002566684485508654,13.786653159681451,15.100000381469727,74.71199798583984,15811.580078125,-1.05519088453925,-0.9582016775160238,1.8769256856356924
COFORGE.NS,2022-02-07,0.0113648825882998,-0.0406022613550815,0.4303322947768824,2.6,0.002790388127435131,14.307633369415806,22.860000610351562,74.64219665527344,14015.669921875,0.435191840780766,-0.9763909514357157,0.6135787339298611
COFORGE.NS,2022-05-23,0.0050399125104184,-0.0840178390133761,0.5237084152427295,2.6,0.0033738190991628022,13.80539456338963,28.479999542236328,77.81839752197266,11535.26953125,1.5145667218824015,-0.14871636243354253,-1.1312781909005327
COFORGE.NS,2022-08-03,-0.004497286386161,-0.0134118040756845,0.5642626152556306,2.6,0.003359780902508904,14.352538873089756,21.950000762939453,78.60449981689453,12668.16015625,0.26041761234981087,0.056131164901617764,-0.3343374794016949
COFORGE.NS,2022-11-03,0.0033495768490274,-0.0291735065290453,0.5666978149585242,2.6,0.003426101601400733,13.09063532403793,25.299999237060547,82.88839721679688,10342.9404296875,0.9038170593106413,1.1724563497997618,-1.970031360510343
COFORGE.NS,2023-02-03,-0.0303735928320974,-0.0774508457113236,0.5969720689644094,3.8,0.004409785230925273,14.623901998659974,18.329999923706055,82.0458984375,12006.9501953125,-0.43483838730301744,0.9529126684789897,-0.7994707633139437
COFORGE.NS,2023-05-10,0.0007900025019012,-0.0061551269879928,0.5591276445219515,3.8,0.004605613905670696,13.269394487419698,16.940000534057617,82.1050033569336,12306.4404296875,-0.7018011472816863,0.9683146036692677,-0.5887920312256044
COFORGE.NS,2023-08-03,0.0036804231892834,0.0029119297929521,0.523195277560015,3.8,0.003987199043777203,14.080341009659808,15.920000076293945,82.7332992553711,13959.7197265625,-0.8977020515640737,1.1320399382232598,0.5742201343643976
COFORGE.NS,2023-11-02,-0.0037008421680993,0.0457439564647831,0.4109084297931951,3.8,0.003757614003949106,13.771250367951337,15.65999984741211,85.19400024414062,13294.1904296875,-0.9476375977335839,1.7732650259972602,0.1060483800303163
TATAELXSI.NS,2021-06-17,-0.0198343539611968,0.0491166042087296,0.1132789150269281,48.0,0.012853642198712361,11.536231751200463,17.75,73.8240966796875,14161.349609375,-0.5462329545043367,-1.1895766375662842,0.7160582418763395
TATAELXSI.NS,2022-06-15,-0.0279424881544813,-0.0672450996441335,0.1015919812285316,42.5,0.005208556801903038,12.64842561961324,29.6200008392334,77.9854965209961,11099.150390625,1.733514942214048,-0.10517264427974503,-1.4380695885501948
TATAELXSI.NS,2023-06-22,-0.0108246011110909,-0.024858215007195,0.115485845783948,60.6,0.007903746454074146,11.535400987485398,12.90999984741211,81.94149780273438,13630.6103515625,-1.4758015634221027,0.9257072881841962,0.3427055876945124
KPITTECH.NS,2021-08-17,0.001513185666439,-0.1274709415850047,0.0850268344789085,1.5,0.004197565340366851,14.553933639660423,17.90999984741211,74.13500213623047,14656.1796875,-0.5155034439884322,-1.108558919618818,1.0641503046312617
KPITTECH.NS,2022-02-10,-0.0105239884215457,-0.1043053962790129,0.102942792410878,1.25,0.002054738308809911,13.673505652025971,23.90999984741211,74.80889892578125,14185.6396484375,0.6368542993319725,-0.9329506153175313,0.733145258562353
KPITTECH.NS,2022-08-12,0.0419106997258379,0.0457586336186389,0.2085667947620383,1.85,0.0032464685079573313,15.285794902925671,19.530000686645508,79.61399841308594,13047.1904296875,-0.20436669210907207,0.3191927188672842,-0.06770568889422172
KPITTECH.NS,2023-02-10,0.0468717251352053,0.0152131197926296,0.1434674370119,1.45,0.0016950142957611871,15.166806300333162,20.530000686645508,82.533203125,11718.1201171875,-0.012307068222337984,1.079897618068952,-1.0026505256702634
KPITTECH.NS,2023-08-14,-0.0182605677603518,-0.0124269707844872,0.0356432607079326,2.65,0.002351375332741792,13.435382732650764,14.819999694824219,82.89730072021484,13788.330078125,-1.1089677111044134,1.1747764812528474,0.45365475465766997
LTTS.NS,2021-07-08,0.0127323035944676,0.1339285304203298,0.2081200269245132,14.5,0.0048925330630270325,12.611494419366089,19.0,74.8218994140625,14559.7802734375,-0.30615842464591914,-0.9295628655351338,0.9963373878891536
LTTS.NS,2021-10-26,0.0023924035216418,0.0753391090742659,0.2514506414935422,10.0,0.002190652438978082,12.968335356720797,15.979999542236328,75.08989715576172,15235.7099609375,-0.8861785767017748,-0.8597263123624351,1.4718253778082484
LTTS.NS,2022-01-25,0.0090508220136864,-0.0177355656247802,0.3290036191603902,10.0,0.00217967016950022,13.05045483089362,31.15999984741211,74.6447982788086,13539.2900390625,2.0292865725107947,-0.9757130038560223,0.27846560440570534
LTTS.NS,2022-07-07,-0.0011692877273333,0.1012773591328109,0.6061062205327492,15.0,0.004904044280071693,12.577732749025976,26.079999923706055,79.04389953613281,11621.349609375,1.0536236978191718,0.17063273369130183,-1.0707244911938085
LTTS.NS,2022-10-27,-0.0068292922163835,0.0072960898329262,0.6488170294003908,15.0,0.004266757631568951,12.24962052145766,27.389999389648438,82.04959869384766,10792.669921875,1.3052217025398885,0.9538769047726885,-1.6536656553162363
LTTS.NS,2023-07-07,-0.0062698462516009,0.0052278233618548,0.4042722866927136,30.0,0.007608130743943679,12.198267262630514,14.829999923706055,82.76840209960938,13660.7197265625,-1.1070470709065867,1.141187260258947,0.3638862614557463
LTTS.NS,2023-10-27,-0.0025014505411789,0.0162684959316048,0.3343278509562722,17.0,0.004070637533672553,11.95110942564112,21.270000457763672,83.28250122070312,12643.009765625,0.12981700949488592,1.2751544734849305,-0.352029717078356
SONATSOFTW.NS,2020-11-18,-0.0147364228578781,-0.0136841631015544,0.2346638803450845,1.5,0.011827321396366018,13.346699816944385,23.84000015258789,74.47969818115234,11801.599609375,0.6234101842718468,-1.0187358355996157,-0.9439262283450314
SONATSOFTW.NS,2021-08-06,0.0294396371554727,-0.0265943306825604,0.0508674613652395,3.75,0.011872959335114277,14.755117345653016,16.149999618530273,74.08200073242188,14835.759765625,-0.8535284259880435,-1.1223703619535104,1.190477305732497
SONATSOFTW.NS,2021-10-29,-0.0096309768196756,-0.0405395571918814,0.0323544992082096,3.0,0.00956480171649583,13.605585506069229,16.260000228881836,74.79720306396484,15498.3896484375,-0.8324017501366112,-0.9359983972520474,1.6566094447189816
SONATSOFTW.NS,2022-06-15,0.0107700994571477,-0.0028831570593835,0.1415218268399403,4.875,0.018867924528301886,11.663197202848528,29.6200008392334,77.9854965209961,11099.150390625,1.733514942214048,-0.10517264427974503,-1.4380695885501948
SONATSOFTW.NS,2022-10-31,0.008667100316873,0.0281690019521593,0.1909533781873993,3.5,0.013372814665694208,12.490822924472283,25.8799991607666,82.23919677734375,10988.150390625,1.0152116265119606,1.0032835772153887,-1.5161534009008981
SONATSOFTW.NS,2023-07-21,0.0109636499526791,-0.0311065409153274,0.0484122257872348,4.375,0.008357211079274117,13.639725193648452,13.600000381469727,82.0823974609375,14032.8095703125,-1.343280320369351,0.9624238157553922,0.625635752779868
SONATSOFTW.NS,2023-11-07,0.0068292833465254,-0.0172173078647645,0.055382484881072,3.5,0.0055511498810467885,13.635685083363601,14.8100004196167,83.2228012084961,13639.8603515625,-1.1108881681399096,1.259597465241233,0.34921257205707107
CYIENT.NS,2021-06-03,-0.0182236758552596,-0.021195273093872,0.0715991574817074,17.0,0.021167974743862856,12.59526947317361,18.040000915527344,72.96510314941406,13614.509765625,-0.4905354877413466,-1.4134186258292767,0.33137950543252936
CYIENT.NS,2021-10-26,0.0007389128291967,-0.0004623388808696,0.0462439144121037,10.0,0.009190753688923055,12.573534698838131,15.979999542236328,75.08989715576172,15235.7099609375,-0.8861785767017748,-0.8597263123624351,1.4718253778082484
CYIENT.NS,2022-05-23,-0.0101289528158384,-0.0182165025114864,0.1791403892807656,14.0,0.017861699691296664,11.132235892843465,28.479999542236328,77.81839752197266,11535.26953125,1.5145667218824015,-0.14871636243354253,-1.1312781909005327
CYIENT.NS,2022-10-25,-0.0224240919411176,-0.0350215021624187,0.2338440372874034,10.0,0.013245910111009684,12.421071115547264,28.459999084472656,82.7614974975586,11199.1201171875,1.5107254414867481,1.1393880152160656,-1.3677451077424707
CYIENT.NS,2023-06-12,0.0282740664454261,0.022364467483787,0.0761893522132096,16.0,0.01112385738629579,13.892374372151794,15.010000228881836,82.4448013305664,13461.919921875,-1.072476279995029,1.0568613171718626,0.22403899438750105
CYIENT.NS,2023-11-01,0.0291940730004472,0.0102100153609885,0.0539807075834856,12.0,0.0073385520782336955,12.978430649382233,16.8700008392334,83.2771987915039,13061.4697265625,-0.7152452623418118,1.2737727328166404,-0.05766080657271285
ZENSARTECH.NS,2021-01-29,-0.001822863505723,-0.1008960343461959,0.0489943279345748,1.2,0.005090137857900318,11.284982916869305,33.09000015258789,72.93879699707031,13070.6904296875,2.399961705224137,-1.420273650036851,-0.05117443132447822
ZENSARTECH.NS,2021-09-15,0.1611203160663006,-0.031778641577347,0.0481234082551998,2.4,0.004142931211070068,16.145734844939998,18.18000030517578,73.65080261230469,15161.5302734375,-0.4636472576210953,-1.2347347059685012,1.419643100339926
ZENSARTECH.NS,2022-02-03,-0.0003222827500418,-0.1383707849178951,0.1376164414488949,1.5,0.003500583430571762,13.035301090027879,24.350000381469727,74.82240295410156,13878.8203125,0.7213606364130405,-0.929431649874548,0.5173108130406309
ZENSARTECH.NS,2022-07-14,0.007748228662462,-0.0981076447121574,0.3373626644674239,3.5,0.013866878306801538,12.582009384267042,26.399999618530273,79.80750274658203,11251.1904296875,1.115082718850981,0.3696173067375593,-1.33111584188398
ZENSARTECH.NS,2023-02-03,-0.0014825732298715,0.1324863721451321,0.3025370930381348,1.5,0.006380263551926678,13.360512184655484,18.329999923706055,82.0458984375,12006.9501953125,-0.43483838730301744,0.9529126684789897,-0.7994707633139437
ZENSARTECH.NS,2023-07-21,0.0761846614905785,0.0445987635254233,0.1159510970514956,3.5,0.0072127769191138585,16.24690707202177,13.600000381469727,82.0823974609375,14032.8095703125,-1.343280320369351,0.9624238157553922,0.625635752779868
BSOFT.NS,2020-11-12,-0.0142964509162571,0.0419548391394729,0.3349060708429039,1.0,0.005649717514124294,13.177735641472529,25.350000381469727,74.56999969482422,11709.58984375,0.9134202602997746,-0.9952044938012251,-1.0086512127909295
BSOFT.NS,2021-07-15,0.0542625820737962,-0.0329639396838439,0.2543667010579024,2.5,0.005961607162544981,16.451042394611598,17.010000228881836,74.46910095214844,14543.1298828125,-0.6883570322215606,-1.0214973288201263,0.9846245412483571
BSOFT.NS,2021-11-02,-0.0096495725448671,0.0998124200431099,0.1902924014113513,1.5,0.003676020205546608,13.55426786430104,16.030000686645508,74.82990264892578,15649.599609375,-0.8765753757126414,-0.927477331778247,1.7629792664793504
BSOFT.NS,2022-07-14,-0.0662333838021455,-0.1344178609025902,0.450387317566821,3.0,0.009447331492123668,15.72366899435655,26.399999618530273,79.80750274658203,11251.1904296875,1.115082718850981,0.3696173067375593,-1.33111584188398
BSOFT.NS,2022-11-01,0.0063182679503926,-0.001549624625808,0.5053321443649949,1.5,0.005392773801599421,14.592779193709529,25.809999465942383,82.72899627685547,10890.849609375,1.001767511451835,1.1309186407600718,-1.5846003913937075
BSOFT.NS,2023-07-14,0.0019604453934834,0.1404894860465039,0.3351208031140824,2.0,0.005267316133004233,15.79845882025339,13.34000015258789,82.03079986572266,14113.7001953125,-1.3932158665388612,0.9489781867774846,0.6825388913693375
BSOFT.NS,2023-11-08,-0.0045907447393806,-0.0029710406478241,0.2264795396379552,4.0,0.0068781705510481345,14.05330939406083,14.449999809265137,83.23269653320312,13650.41015625,-1.1800297499630255,1.2621760517833511,0.356633914125137
FSL.NS,2021-02-17,-0.0255409334325308,0.0150780957922389,0.085589720685941,3.0,0.03176283850643187,14.838649737975487,21.5,72.93499755859375,13965.490234375,0.1739906350709161,-1.4212637318394532,0.5782794429157446
FSL.NS,2022-02-17,-0.0124011147470199,-0.0561637599905067,0.1030589038667565,3.5,0.026365348399246705,15.467152038106729,28.110000610351562,75.04199981689453,13716.7197265625,1.44350486618612,-0.8722077050466439,0.40327989651556057
FSL.NS,2023-02-17,-0.0103537681980376,-0.0395688066208839,0.4748505982690585,3.5,0.029635902161056715,14.774438084612079,20.020000457763672,82.69529724121094,11787.26953125,-0.1102575203635317,1.1221371320811693,-0.9540068331313685
ECLERX.NS,2021-09-15,0.0325333055521671,-0.0631306070620816,0.0795079094057636,0.333333,0.00042573982349189686,11.943297796784492,18.18000030517578,73.65080261230469,15161.5302734375,-0.4636472576210953,-1.2347347059685012,1.419643100339926
ECLERX.NS,2022-08-19,-0.0003745149134852,0.0002698064253092,0.1624106576018893,0.333333,0.0004435372176122351,11.310172603303753,20.600000381469727,79.7667007446289,12705.2197265625,0.001137046837787636,0.3589848619979689,-0.308267636752335
ECLERX.NS,2023-08-31,-0.0167654670206636,0.0447852226342318,0.0165505988246373,0.5,0.0006157256419138995,11.796132539538041,13.569999694824219,82.70040130615234,14034.9697265625,-1.349042240962831,1.1234671817316528,0.627155331476023
MASTEK.NS,2020-11-09,-0.0001732815667909,0.0385099300647022,0.1510248263253033,5.5,0.005914932671299172,11.379394072345706,25.75,73.97979736328125,11713.7802734375,0.9902440365895361,-1.149003164820293,-1.0057034224721226
MASTEK.NS,2021-09-23,-0.0118830917121067,-0.0289642479835612,0.1088977268865816,9.0,0.0028658313744632687,11.732101154723052,18.6299991607666,73.8749008178711,15052.240234375,-0.3772206466668616,-1.1763377726596027,1.3427621732952657
MASTEK.NS,2022-01-31,-0.0195926987395097,-0.0852254448408798,0.1141268765997353,7.0,0.0025927846038222052,10.626945679590664,24.829999923706055,75.03900146484375,14239.8798828125,0.8135491679607543,-0.8729890346619504,0.7713009728217735
MASTEK.NS,2022-09-08,-0.0015974763931555,0.0168905793575826,0.2596487607726321,12.0,0.006482106684672519,11.498623680259369,23.610000610351562,79.6498031616211,11862.1298828125,0.5792365586958166,0.3285229475813638,-0.9013457372402519
MASTEK.NS,2023-02-01,-0.0019377225005671,-0.0653180762115236,0.2090198320004286,7.0,0.0042702455391185,10.435849593832643,17.8700008392334,81.76840209960938,11816.3203125,-0.5231856384550778,0.8806009107997858,-0.9335708353677078
MASTEK.NS,2023-09-18,-0.0048022543714828,0.0308235701235434,0.1755259066348509,12.0,0.005080440304826418,10.75321104013817,14.0,83.08580017089844,13710.240234375,-1.2664565440795896,1.2238968649815423,0.3987218473975732
INTELLECT.NS,2022-07-21,0.0159887893328269,-0.1601155228746439,0.210363999840404,2.5,0.0035665881396141626,12.955002154670003,23.110000610351562,80.00340270996094,12059.6103515625,0.48320674675244957,0.4206661630536519,-0.7624265672870634
INTELLECT.NS,2023-07-21,0.0299972201482272,0.1048997562238595,0.1683220976495352,2.5,0.003954444719595017,12.833104061758194,13.600000381469727,82.0823974609375,14032.8095703125,-1.343280320369351,0.9624238157553922,0.625635752779868
